deviation,mood
10,6.399
20,7.164904159
30,7.330548975
40,0
50,8
>60,7.563089315
